mot0set, mot1set, mot2set, radius
0.000000, 0.000000, 0.000000, 0.008788
128.000000, 0.000000, 0.000000, 0.007999
0.000000, 128.000000, 0.000000, 0.007995
