mot0set, mot1set, mot2set, radius
0.000000, 0.000000, 0.000000, 56943.001630
