mot0set, mot1set, mot2set, radius
0.000000, 0.000000, 0.000000, 0.007592
320.000000, 0.000000, 0.000000, 0.012682
