mot_num,mot_val,radius,sign,dist
0, 0, 10.260687, 83.912379, 20.709226
1, 0, 188.411826, 7810.330404, 41.524676
2, 0, 10.473102, 4.790502, 21.699451
