mot_num,mot_val,radius,sign,dist
0, 0, 517.660662, -232169.918476, 517.369995
